Predictor variable,Categorical,Sample average
bio_13,false,399.027397260274
bio_18,false,848.8219178082192
bio_3,false,67.43529405985792
bio_5,false,30.42328756149501
bio_7,false,13.864383410101068
